Ticker,Name,YTD (%),1Y (%),3Y (%),5Y (%),10Y (%),Incept (%),Perf. as of,Inception Date,Net Assets,Product_ID,URL,Yield_To_Maturity,Weighted_Avg_Maturity,Convexity,Weighted_Avg_Coupon
AGG,iShares Core U.S. Aggregate Bond ETF,2.42,5.45,1.49,-0.91,1.45,3.05,"May 31, 2025","Sep 22, 2003",126820844831,239458,https://www.blackrock.com/us/individual/products/239458/ishares-core-total-us-bond-market-etf,0.0472,8.15,0.5,0.0356
AGIH,iShares Inflation Hedged U.S. Aggregate Bond ETF,3.12,5.10,-,-,-,2.53,"May 31, 2025","Jun 22, 2022",2466647,328179,https://www.blackrock.com/us/individual/products/328179/ishares-inflation-hedged-u-s-aggregate-bond-etf,0.0471,7.8,0.48,
AGRH,iShares Interest Rate Hedged U.S. Aggregate Bond ETF,1.63,4.70,-,-,-,5.34,"May 31, 2025","Jun 22, 2022",7753844,328180,https://www.blackrock.com/us/individual/products/328180/ishares-interest-rate-hedged-u-s-aggregate-bond-etf,0.0533,8.17,-0.2,
AGZ,iShares Agency Bond ETF,2.51,5.62,2.58,0.37,1.71,2.31,"May 31, 2025","Nov 05, 2008",609863348,239457,https://www.blackrock.com/us/individual/products/239457/ishares-agency-bond-etf,0.0426,4.18,0.24,0.0348
BAIPX,iShares Short-Term TIPS Bond Index Fund,3.39,6.22,2.94,3.45,-,2.77,"May 31, 2025","Feb 16, 2016",6024499,282302,https://www.blackrock.com/us/individual/products/282302/blackrock-short-term-inflation-protected-securities-index-class-a-fund,,,,
BEMB,iShares J.P. Morgan Broad USD Emerging Markets Bond ETF,2.91,7.55,-,-,-,8.22,"May 31, 2025","Feb 22, 2023",46922086,329561,https://www.blackrock.com/us/individual/products/329561/ishares-j-p-morgan-broad-usd-emerging-markets-bond-etf,0.0647,8.92,0.57,0.050199999999999995
BGRN,iShares USD Green Bond ETF,2.45,5.89,2.65,-0.10,-,1.86,"May 31, 2025","Nov 13, 2018",400261731,305296,https://www.blackrock.com/us/individual/products/305296/ishares-usd-green-bond-etf,0.0489,6.94,0.52,0.0364
BIDAX,iShares Municipal Bond Index Fund,-1.66,1.24,1.22,0.20,1.72,,"May 31, 2025","Nov 16, 2018",15766427,306662,https://www.blackrock.com/us/individual/products/306662/ishares-municipal-bond-index-fund,0.0426,,,
BIDIX,iShares Municipal Bond Index Fund,-1.55,1.50,1.48,0.45,1.89,,"May 31, 2025","Nov 16, 2018",30245236,306663,https://www.blackrock.com/us/individual/products/306663/ishares-municipal-bond-index-fund,0.0426,,,
BIDKX,iShares Municipal Bond Index Fund,-1.54,1.55,1.52,0.49,1.92,,"May 31, 2025","Nov 16, 2018",231657,306664,https://www.blackrock.com/us/individual/products/306664/ishares-municipal-bond-index-fund,0.0426,,,
BIDPX,iShares Municipal Bond Index Fund,-1.66,1.24,1.23,0.20,1.72,,"May 31, 2025","Nov 16, 2018",165817644,306171,https://www.blackrock.com/us/individual/products/306171/ishares-municipal-bond-index-fund,0.0426,,,
BIGGX,iShares Broad USD Investment Grade Corporate Bond ETF 529 Option,2.30,4.82,-,-,-,6.07,"May 31, 2025","Apr 30, 2024",532859,337180,https://www.blackrock.com/us/individual/products/337180/ishares-broad-usd-investment-grade-corporate-bond-etf-529-option,,,,
BIGNX,iShares Broad USD Investment Grade Corporate Bond ETF 529 Option,1.93,3.93,-,-,-,5.24,"May 31, 2025","Apr 30, 2024",59233,337172,https://www.blackrock.com/us/individual/products/337172/ishares-broad-usd-investment-grade-corporate-bond-etf-529-option,,,,
BIGOX,iShares Broad USD Investment Grade Corporate Bond ETF 529 Option,2.39,5.11,-,-,-,6.34,"May 31, 2025","Apr 30, 2024",12157,337173,https://www.blackrock.com/us/individual/products/337173/ishares-broad-usd-investment-grade-corporate-bond-etf-529-option,,,,
BIIPX,iShares Short-Term TIPS Bond Index Fund,3.50,6.60,3.21,3.72,-,3.04,"May 31, 2025","Feb 16, 2016",134307840,282303,https://www.blackrock.com/us/individual/products/282303/blackrock-short-term-inflation-protected-securities-index-class-institutional-fund,,,,
BKIPX,iShares Short-Term TIPS Bond Index Fund,3.52,6.65,3.25,3.74,-,3.06,"May 31, 2025","Feb 16, 2016",472673347,282304,https://www.blackrock.com/us/individual/products/282304/blackrock-short-term-inflation-protected-securities-index-class-k-fund,,,,
BMOAX,iShares U.S. Aggregate Bond Index Fund,2.25,5.09,1.20,-1.21,1.14,,"May 31, 2025","Mar 31, 2011",181090790,227790,https://www.blackrock.com/us/individual/products/227790/blackrock-bond-index-fund-class-a-fund,0.0472,,,
BMOIX,iShares U.S. Aggregate Bond Index Fund,2.35,5.35,1.45,-0.98,1.39,,"May 31, 2025","Mar 31, 2011",185844769,227788,https://www.blackrock.com/us/individual/products/227788/blackrock-bond-index-fund-inst-class-fund,0.0472,,,
BMOPX,iShares U.S. Aggregate Bond Index Fund,2.36,5.09,1.23,-1.21,1.14,,"May 31, 2025","Aug 06, 2018",10070721,298425,https://www.blackrock.com/us/individual/products/298425/ishares-u-s-aggregate-bond-index-fund,0.0472,,,
BYLD,iShares Yield Optimized Bond ETF,2.59,6.54,4.04,1.17,2.54,2.63,"May 31, 2025","Apr 22, 2014",239239399,264127,https://www.blackrock.com/us/individual/products/264127/ishares-yield-optimized-bond-etf,0.058499999999999996,7.34,0.37,
CEMB,iShares J.P. Morgan EM Corporate Bond ETF,2.43,6.68,5.09,2.50,3.28,3.46,"May 31, 2025","Apr 17, 2012",372278471,239525,https://www.blackrock.com/us/individual/products/239525/ishares-emerging-markets-corporate-bond-etf,0.06269999999999999,6.77,0.33,0.0527
CIVDX,iShares Core 1-5 Year USD Bond ETF 529 Option,2.40,5.75,-,-,-,6.16,"May 31, 2025","Apr 30, 2024",1006630,337174,https://www.blackrock.com/us/individual/products/337174/ishares-core-1-5-year-usd-bond-etf-529-option,,,,
CIVJX,iShares Core 1-5 Year USD Bond ETF 529 Option,2.12,5.06,-,-,-,5.43,"May 31, 2025","Apr 30, 2024",58607,337181,https://www.blackrock.com/us/individual/products/337181/ishares-core-1-5-year-usd-bond-etf-529-option,,,,
CIVMX,iShares Core 1-5 Year USD Bond ETF 529 Option,2.59,6.05,-,-,-,6.43,"May 31, 2025","Apr 30, 2024",10716,337175,https://www.blackrock.com/us/individual/products/337175/ishares-core-1-5-year-usd-bond-etf-529-option,,,,
CMF,iShares California Muni Bond ETF,-1.52,1.57,1.40,-0.04,1.74,3.14,"May 31, 2025","Oct 04, 2007",3573739771,239731,https://www.blackrock.com/us/individual/products/239731/ishares-california-amtfree-muni-bond-etf,0.0362,7.58,-0.05,0.0463
CSHP,iShares Enhanced Short-Term Bond Active ETF,1.74,-,-,-,-,-,"May 31, 2025","Jul 17, 2024",12449517,338251,https://www.blackrock.com/us/individual/products/338251/ishares-enhanced-short-term-bond-active-etf,0.043,0.07,0.0,0.036699999999999997
EAGG,iShares ESG Aware U.S. Aggregate Bond ETF,2.39,5.36,1.38,-1.02,-,1.67,"May 31, 2025","Oct 18, 2018",3908617317,305252,https://www.blackrock.com/us/individual/products/305252/ishares-esg-aware-u-s-aggregate-bond-etf,0.0472,8.13,0.49,0.035699999999999996
ELQD,iShares ESG Advanced Investment Grade Corporate Bond ETF,2.37,5.26,2.12,-,-,-2.37,"May 31, 2025","Nov 08, 2021",12179244,321326,https://www.blackrock.com/us/individual/products/321326/ishares-esg-advanced-investment-grade-corporate-bond-etf,0.0528,12.35,1.08,0.0408
EMB,iShares J.P. Morgan USD Emerging Markets Bond ETF,2.89,7.75,5.02,1.61,2.67,4.35,"May 31, 2025","Dec 17, 2007",13093023161,239572,https://www.blackrock.com/us/individual/products/239572/ishares-jp-morgan-usd-emerging-markets-bond-etf,0.0674,11.4,0.78,0.0528
EMHY,iShares J.P. Morgan EM High Yield Bond ETF,2.60,10.04,8.13,5.05,3.95,4.19,"May 31, 2025","Apr 03, 2012",429978974,239527,https://www.blackrock.com/us/individual/products/239527/ishares-emerging-markets-high-yield-bond-etf,0.0801,8.5,0.32,0.061900000000000004
EUSB,iShares ESG Advanced Total USD Bond Market ETF,2.54,5.84,1.87,-,-,-0.65,"May 31, 2025","Jun 23, 2020",727759955,314499,https://www.blackrock.com/us/individual/products/314499/ishares-esg-advanced-total-usd-bond-market-etf,0.0483,7.54,0.43,0.0363
FALN,iShares Fallen Angels USD Bond ETF,1.40,7.11,6.25,6.10,-,6.39,"May 31, 2025","Jun 14, 2016",1712115836,283855,https://www.blackrock.com/us/individual/products/283855/ishares-fallen-angels-usd-bond-etf,0.06849999999999999,7.13,0.19,0.0556
FIBR,iShares U.S. Fixed Income Balanced Risk Systematic ETF,2.78,8.14,4.39,0.77,2.07,2.09,"May 31, 2025","Feb 24, 2015",74550190,271544,https://www.blackrock.com/us/individual/products/271544/ishares-us-fixed-income-balanced-risk-etf,0.054900000000000004,6.31,-0.54,0.0438
FLOT,iShares Floating Rate Bond ETF,1.92,5.33,5.48,3.56,2.56,2.11,"May 31, 2025","Jun 14, 2011",8911153787,239534,https://www.blackrock.com/us/individual/products/239534/ishares-floating-rate-bond-etf,0.0501,1.92,0.0,0.0506
GBF,iShares Government/Credit Bond ETF,2.35,5.07,1.37,-1.16,1.44,2.96,"May 31, 2025","Jan 05, 2007",154975786,239462,https://www.blackrock.com/us/individual/products/239462/ishares-governmentcredit-bond-etf,0.0455,8.42,0.73,0.0352
GHYG,iShares US & Intl High Yield Corp Bond ETF,5.08,10.18,6.79,5.00,4.10,4.44,"May 31, 2025","Apr 03, 2012",163524979,239551,https://www.blackrock.com/us/individual/products/239551/ishares-global-high-yield-corporate-bond-etf,0.0672,3.54,-0.16,0.061200000000000004
GNMA,iShares GNMA Bond ETF,2.28,5.46,1.09,-0.91,0.83,0.99,"May 31, 2025","Feb 14, 2012",362350249,239461,https://www.blackrock.com/us/individual/products/239461/ishares-gnma-bond-etf,0.0535,6.91,-0.36,0.037000000000000005
GOVT,iShares U.S. Treasury Bond ETF,2.50,4.98,0.80,-1.88,0.90,1.04,"May 31, 2025","Feb 14, 2012",27276847505,239468,https://www.blackrock.com/us/individual/products/239468/ishares-us-treasury-bond-etf,0.0421,7.49,0.7,0.0291
GOVZ,iShares 25+ Year Treasury STRIPS Bond ETF,-4.68,-7.93,-13.07,-,-,-16.50,"May 31, 2025","Sep 22, 2020",263205908,315911,https://www.blackrock.com/us/individual/products/315911/ishares-25+-year-treasury-strips-bond-etf,0.0501,27.2,7.19,0.0
GVI,iShares Intermediate Government/Credit Bond ETF,2.94,6.26,2.65,0.36,1.69,2.83,"May 31, 2025","Jan 05, 2007",3377597949,239464,https://www.blackrock.com/us/individual/products/239464/ishares-intermediate-governmentcredit-bond-etf,0.0429,4.23,0.2,0.0351
HYBB,iShares BB Rated Corporate Bond ETF,3.08,7.97,5.65,-,-,3.74,"May 31, 2025","Oct 06, 2020",206136712,305259,https://www.blackrock.com/us/individual/products/305259/ishares-bb-rated-corporate-bond-etf,0.061500000000000006,4.2,-0.17,0.0591
HYDB,iShares High Yield Systematic Bond ETF,1.90,8.38,7.25,6.44,-,5.38,"May 31, 2025","Jul 11, 2017",1439822773,288478,https://www.blackrock.com/us/individual/products/288478/ishares-high-yield-systematic-bond-etf,0.0746,3.97,-0.12,0.0655
HYG,iShares iBoxx $ High Yield Corporate Bond ETF,2.87,9.45,6.07,4.76,4.02,4.96,"May 31, 2025","Apr 04, 2007",16652345190,239565,https://www.blackrock.com/us/individual/products/239565/ishares-iboxx-high-yield-corporate-bond-etf,0.0716,3.65,-0.18,0.0644
HYGH,iShares Interest Rate Hedged High Yield Bond ETF,2.22,8.11,8.61,7.75,5.00,4.40,"May 31, 2025","May 27, 2014",415933730,264544,https://www.blackrock.com/us/individual/products/264544/ishares-interest-rate-hedged-high-yield-bond-etf,0.0761,3.53,-0.3,
HYGI,iShares Inflation Hedged High Yield Bond ETF,3.98,9.72,-,-,-,9.02,"May 31, 2025","Jun 22, 2022",5396039,328091,https://www.blackrock.com/us/individual/products/328091/ishares-inflation-hedged-high-yield-bond-etf,0.0702,3.51,-0.18,
HYGW,iShares High Yield Corporate Bond BuyWrite Strategy ETF,1.21,5.03,-,-,-,4.97,"May 31, 2025","Aug 18, 2022",224664781,329119,https://www.blackrock.com/us/individual/products/329119/ishares-high-yield-corporate-bond-buywrite-strategy-etf,0.07150000000000001,3.64,-1.2,
HYXF,iShares ESG Advanced High Yield Corporate Bond ETF,3.49,10.53,6.27,4.43,-,5.03,"May 31, 2025","Jun 14, 2016",179731794,283857,https://www.blackrock.com/us/individual/products/283857/ishares-esg-advanced-high-yield-corporate-bond-etf,0.0695,3.89,-0.17,0.0613
HYXU,iShares International High Yield Bond ETF,11.71,12.40,7.99,4.68,3.42,3.29,"May 31, 2025","Apr 03, 2012",47831256,239550,https://www.blackrock.com/us/individual/products/239550/ishares-global-ex-usd-high-yield-corporate-bond-etf,0.0521,3.23,-0.12,0.0495
IAGG,iShares Core International Aggregate Bond ETF,1.46,6.71,3.54,0.70,-,2.57,"May 31, 2025","Nov 10, 2015",10386181714,279626,https://www.blackrock.com/us/individual/products/279626/ishares-international-aggregate-bond-etf,0.0281,8.35,0.89,0.024900000000000002
IBCA,iShares® iBonds® Dec 2035 Term Corporate ETF,-,-,-,-,-,-,"May 31, 2025","Mar 25, 2025",40287412,342119,https://www.blackrock.com/us/individual/products/342119/ishares-ibonds-dec-2035-term-corporate-etf,0.0533,9.75,0.67,0.052300000000000006
IBDQ,iShares® iBonds® Dec 2025 Term Corporate ETF,1.89,5.46,3.55,1.85,3.36,3.28,"May 31, 2025","Mar 11, 2015",3037079650,272346,https://www.blackrock.com/us/individual/products/272346/ishares-ibonds-dec-2025-corporate-etf,0.047400000000000005,0.25,-0.01,0.0375
IBDR,iShares® iBonds® Dec 2026 Term Corporate ETF,2.06,6.15,3.60,1.54,-,2.90,"May 31, 2025","Sep 13, 2016",3313043741,285027,https://www.blackrock.com/us/individual/products/285027/ishares-ibonds-dec-2026-term-corporate-etf-fund,0.046,0.96,-0.01,0.0345
IBDS,iShares® iBonds® Dec 2027 Term Corporate ETF,2.44,6.70,3.72,1.63,-,2.99,"May 31, 2025","Sep 12, 2017",3102005342,290315,https://www.blackrock.com/us/individual/products/290315/ishares-ibonds-dec-2027-term-corporate-etf,0.045,1.94,0.01,0.0381
IBDT,iShares® iBonds® Dec 2028 Term Corporate ETF,3.17,7.31,3.93,1.49,-,3.79,"May 31, 2025","Sep 18, 2018",2861427443,304570,https://www.blackrock.com/us/individual/products/304570/ishares-ibonds-dec-2028-term-corporate-etf,0.0455,2.93,0.05,0.042300000000000004
IBDU,iShares® iBonds® Dec 2029 Term Corporate ETF,3.31,7.61,4.00,1.23,-,2.09,"May 31, 2025","Sep 17, 2019",2637693256,310035,https://www.blackrock.com/us/individual/products/310035/ishares-ibonds-dec-2029-term-corporate-etf,0.0472,3.89,0.12,0.0433
IBDV,iShares® iBonds® Dec 2030 Term Corporate ETF,3.62,7.89,3.79,-,-,0.34,"May 31, 2025","Jun 23, 2020",1857437027,314496,https://www.blackrock.com/us/individual/products/314496/ishares-ibonds-dec-2030-term-corporate-etf,0.04769999999999999,4.86,0.2,0.036699999999999997
IBDW,iShares® iBonds® Dec 2031 Term Corporate ETF,3.73,7.98,3.54,-,-,-0.70,"May 31, 2025","Jun 22, 2021",1530778962,319154,https://www.blackrock.com/us/individual/products/319154/ishares-ibonds-dec-2031-term-corporate-etf,0.0495,5.93,0.3,0.0332
IBDX,iShares® iBonds® Dec 2032 Term Corporate ETF,3.26,7.26,-,-,-,4.74,"May 31, 2025","Jun 28, 2022",1098705910,328675,https://www.blackrock.com/us/individual/products/328675/ishares-ibonds-dec-2032-term-corporate-etf,0.051,6.84,0.37,0.0418
IBDY,iShares® iBonds® Dec 2033 Term Corporate ETF,3.26,6.95,-,-,-,5.71,"May 31, 2025","Jun 21, 2023",739794686,332289,https://www.blackrock.com/us/individual/products/332289/ishares-ibonds-dec-2033-term-corporate-etf,0.051500000000000004,7.75,0.46,0.052000000000000005
IBDZ,iShares® iBonds® Dec 2034 Term Corporate ETF,2.83,6.82,-,-,-,6.66,"May 31, 2025","May 22, 2024",350868746,337465,https://www.blackrock.com/us/individual/products/337465/ishares-ibonds-dec-2034-term-corporate-etf,0.053099999999999994,8.78,0.57,0.053099999999999994
IBGA,iShares® iBonds® Dec 2044 Term Treasury ETF,1.09,-,-,-,-,-,"May 31, 2025","Jun 11, 2024",65837274,337747,https://www.blackrock.com/us/individual/products/337747/ishares-ibonds-dec-2044-term-treasury-etf,0.0492,19.0,2.05,0.04
IBGB,iShares® iBonds® Dec 2045 Term Treasury ETF,-,-,-,-,-,-,"May 31, 2025","Mar 25, 2025",3645777,342124,https://www.blackrock.com/us/individual/products/342124/ishares-ibonds-dec-2045-term-treasury-etf,0.0495,19.86,2.31,0.0332
IBGL,iShares® iBonds® Dec 2055 Term Treasury ETF,-,-,-,-,-,-,"May 31, 2025","Mar 25, 2025",3620848,342146,https://www.blackrock.com/us/individual/products/342146/ishares-ibonds-dec-2055-term-treasury-etf,0.049,29.73,3.46,0.0466
IBHE,iShares® iBonds® 2025 Term High Yield and Income ETF,2.34,6.32,6.50,6.10,-,4.89,"May 31, 2025","May 07, 2019",558036034,308567,https://www.blackrock.com/us/individual/products/308567/ishares-ibonds-2025-term-high-yield-and-income-etf,0.053399999999999996,0.27,-0.03,0.047
IBHF,iShares® iBonds® 2026 Term High Yield and Income ETF,2.32,8.47,6.59,-,-,4.50,"May 31, 2025","Nov 10, 2020",853324351,316512,https://www.blackrock.com/us/individual/products/316512/ishares-ibonds-2026-term-high-yield-and-income-etf,0.0731,0.9,-0.09,0.053200000000000004
IBHG,iShares® iBonds® 2027 Term High Yield and Income ETF,3.09,8.83,6.22,-,-,3.21,"May 31, 2025","Jul 07, 2021",314184014,319422,https://www.blackrock.com/us/individual/products/319422/ishares-ibonds-2027-term-high-yield-and-income-etf,0.0645,1.69,-0.23,0.0608
IBHH,iShares® iBonds® 2028 Term High Yield and Income ETF,2.81,9.08,6.19,-,-,4.69,"May 31, 2025","Mar 08, 2022",242365275,326459,https://www.blackrock.com/us/individual/products/326459/ishares-ibonds-2028-term-high-yield-and-income-etf,0.0663,2.36,-0.23,0.06269999999999999
IBHI,iShares® iBonds® 2029 Term High Yield and Income ETF,1.91,8.39,6.08,-,-,4.32,"May 31, 2025","Mar 08, 2022",168699870,326462,https://www.blackrock.com/us/individual/products/326462/ishares-ibonds-2029-term-high-yield-and-income-etf,0.07150000000000001,3.36,-0.17,0.06509999999999999
IBHJ,iShares® iBonds® 2030 Term High Yield and Income ETF,2.75,8.58,-,-,-,9.38,"May 31, 2025","Jun 21, 2023",57581834,332287,https://www.blackrock.com/us/individual/products/332287/ishares-ibonds-2030-term-high-yield-and-income-etf,0.0702,3.88,-0.2,0.0667
IBHK,iShares® iBonds® 2031 Term High Yield and Income ETF,2.96,8.57,-,-,-,8.18,"May 31, 2025","May 22, 2024",20404510,337468,https://www.blackrock.com/us/individual/products/337468/ishares-ibonds-2031-term-high-yield-and-income-etf,0.069,4.66,-0.16,0.0665
IBHL,iShares® iBonds® 2032 Term High Yield and Income ETF,-,-,-,-,-,-,"May 31, 2025","Mar 25, 2025",8808533,342115,https://www.blackrock.com/us/individual/products/342115/ishares-ibonds-2032-term-high-yield-and-income-etf,0.0674,4.9,-0.21,0.07
IBIB,iShares® iBonds® Oct 2025 Term TIPS ETF,1.92,5.13,-,-,-,5.39,"May 31, 2025","Sep 13, 2023",35747789,333138,https://www.blackrock.com/us/individual/products/333138/ishares-ibonds-oct-2025-term-tips-etf,,0.2,0.0,0.0026
IBIC,iShares® iBonds® Oct 2026 Term TIPS ETF,2.73,6.21,-,-,-,5.91,"May 31, 2025","Sep 13, 2023",50451378,333118,https://www.blackrock.com/us/individual/products/333118/ishares-ibonds-oct-2026-term-tips-etf,,0.93,0.01,0.0044
IBID,iShares® iBonds® Oct 2027 Term TIPS ETF,3.45,6.92,-,-,-,6.20,"May 31, 2025","Sep 13, 2023",45651305,333135,https://www.blackrock.com/us/individual/products/333135/ishares-ibonds-oct-2027-term-tips-etf,,1.93,0.05,0.008199999999999999
IBIE,iShares® iBonds® Oct 2028 Term TIPS ETF,4.09,7.23,-,-,-,6.22,"May 31, 2025","Sep 13, 2023",87425595,333132,https://www.blackrock.com/us/individual/products/333132/ishares-ibonds-oct-2028-term-tips-etf,,2.92,0.09,0.013999999999999999
IBIF,iShares® iBonds® Oct 2029 Term TIPS ETF,4.51,7.23,-,-,-,6.51,"May 31, 2025","Sep 19, 2023",37974934,333141,https://www.blackrock.com/us/individual/products/333141/ishares-ibonds-oct-2029-term-tips-etf,,3.94,0.16,0.0167
IBIG,iShares® iBonds® Oct 2030 Term TIPS ETF,4.83,7.33,-,-,-,6.44,"May 31, 2025","Sep 19, 2023",74629432,333128,https://www.blackrock.com/us/individual/products/333128/ishares-ibonds-oct-2030-term-tips-etf,,4.82,0.24,0.004
IBIH,iShares® iBonds® Oct 2031 Term TIPS ETF,5.06,7.21,-,-,-,6.23,"May 31, 2025","Sep 19, 2023",27364592,333121,https://www.blackrock.com/us/individual/products/333121/ishares-ibonds-oct-2031-term-tips-etf,,5.83,0.35,0.0013
IBII,iShares® iBonds® Oct 2032 Term TIPS ETF,5.05,6.93,-,-,-,5.95,"May 31, 2025","Sep 19, 2023",20613570,333079,https://www.blackrock.com/us/individual/products/333079/ishares-ibonds-oct-2032-term-tips-etf,,6.83,0.47,0.005600000000000001
IBIJ,iShares® iBonds® Oct 2033 Term TIPS ETF,4.78,6.34,-,-,-,5.43,"May 31, 2025","Sep 19, 2023",25789164,333076,https://www.blackrock.com/us/individual/products/333076/ishares-ibonds-oct-2033-term-tips-etf,,7.83,0.58,0.0125
IBIK,iShares® iBonds® Oct 2034 Term TIPS ETF,4.51,5.79,-,-,-,5.42,"May 31, 2025","May 22, 2024",73973446,337462,https://www.blackrock.com/us/individual/products/337462/ishares-ibonds-oct-2034-term-tips-etf,,8.83,0.71,0.0181
IBIL,iShares® iBonds® Oct 2035 Term TIPS ETF,-,-,-,-,-,-,"May 31, 2025","Mar 25, 2025",6286063,342148,https://www.blackrock.com/us/individual/products/342148/ishares-ibonds-oct-2035-term-tips-etf,,9.57,0.81,0.0213
IBMN,iShares® iBonds® Dec 2025 Term Muni Bond ETF,1.16,3.33,1.95,0.58,-,2.47,"May 31, 2025","Nov 13, 2018",449216032,282964,https://www.blackrock.com/us/individual/products/282964/ishares-ibonds-dec-2025-term-muni-bond-etf,0.0308,0.16,0.0,0.0438
IBMO,iShares® iBonds® Dec 2026 Term Muni Bond ETF,1.26,3.83,2.01,0.56,-,1.70,"May 31, 2025","Apr 02, 2019",523960828,308047,https://www.blackrock.com/us/individual/products/308047/ishares-ibonds-dec-2026-term-muni-bond-etf,0.0285,0.94,0.0,0.0489
IBMP,iShares® iBonds® Dec 2027 Term Muni Bond ETF,1.28,4.19,2.05,0.47,-,1.74,"May 31, 2025","Apr 09, 2019",547086644,308049,https://www.blackrock.com/us/individual/products/308049/ishares-ibonds-dec-2027-term-muni-bond-etf,0.0282,1.81,0.03,0.0493
IBMQ,iShares® iBonds® Dec 2028 Term Muni Bond ETF,1.27,4.34,2.08,0.30,-,1.76,"May 31, 2025","Apr 16, 2019",447870354,308051,https://www.blackrock.com/us/individual/products/308051/ishares-ibonds-dec-2028-term-muni-bond-etf,0.028999999999999998,2.74,0.05,0.048600000000000004
IBMR,iShares® iBonds® Dec 2029 Term Muni Bond ETF,1.20,4.40,-,-,-,2.32,"May 31, 2025","May 09, 2023",254623517,331834,https://www.blackrock.com/us/individual/products/331834/ishares-ibonds-dec-2029-term-muni-bond-etf,0.0292,3.79,0.05,0.0487
IBMS,iShares® iBonds® Dec 2030 Term Muni Bond ETF,1.16,4.69,-,-,-,3.73,"May 31, 2025","May 22, 2024",85443347,337460,https://www.blackrock.com/us/individual/products/337460/ishares-ibonds-dec-2030-term-muni-bond-etf,0.0304,4.89,0.09,0.0481
IBMT,iShares® iBonds® Dec 2031 Term Muni Bond ETF,-,-,-,-,-,-,"May 31, 2025","Mar 25, 2025",7568352,342151,https://www.blackrock.com/us/individual/products/342151/ishares-ibonds-dec-2031-term-muni-bond-etf,0.0317,5.87,0.15,0.0473
IBTF,iShares® iBonds® Dec 2025 Term Treasury ETF,1.70,5.17,2.72,0.30,-,1.10,"May 31, 2025","Feb 25, 2020",2069012741,312454,https://www.blackrock.com/us/individual/products/312454/ishares-ibonds-dec-2025-term-treasury-etf,0.0432,0.28,0.0,0.028399999999999998
IBTG,iShares® iBonds® Dec 2026 Term Treasury ETF,1.88,5.58,2.36,-0.30,-,0.64,"May 31, 2025","Feb 25, 2020",1958448414,312457,https://www.blackrock.com/us/individual/products/312457/ishares-ibonds-dec-2026-term-treasury-etf,0.0415,1.04,0.02,0.0203
IBTH,iShares® iBonds® Dec 2027 Term Treasury ETF,2.46,6.14,2.15,-0.84,-,0.21,"May 31, 2025","Feb 25, 2020",1577919589,312460,https://www.blackrock.com/us/individual/products/312460/ishares-ibonds-dec-2027-term-treasury-etf,0.039599999999999996,2.0,0.05,0.024900000000000002
IBTI,iShares® iBonds® Dec 2028 Term Treasury ETF,3.09,6.58,1.95,-1.25,-,-0.11,"May 31, 2025","Feb 25, 2020",1038723938,312463,https://www.blackrock.com/us/individual/products/312463/ishares-ibonds-dec-2028-term-treasury-etf,0.0392,2.97,0.1,0.0241
IBTJ,iShares® iBonds® Dec 2029 Term Treasury ETF,3.49,6.69,1.62,-1.67,-,-0.41,"May 31, 2025","Feb 25, 2020",677704566,312466,https://www.blackrock.com/us/individual/products/312466/ishares-ibonds-dec-2029-term-treasury-etf,0.0395,4.0,0.16,0.0304
IBTK,iShares® iBonds® Dec 2030 Term Treasury ETF,3.84,6.93,1.05,-,-,-2.59,"May 31, 2025","Jul 14, 2020",434362146,314830,https://www.blackrock.com/us/individual/products/314830/ishares-ibonds-dec-2030-term-treasury-etf,0.04,4.96,0.24,0.0278
IBTL,iShares® iBonds® Dec 2031 Term Treasury ETF,3.94,6.73,0.55,-,-,-2.35,"May 31, 2025","Jul 13, 2021",375465849,319421,https://www.blackrock.com/us/individual/products/319421/ishares-ibonds-dec-2031-term-treasury-etf,0.0409,5.97,0.34,0.024300000000000002
IBTM,iShares® iBonds® Dec 2032 Term Treasury ETF,3.92,6.50,-,-,-,0.36,"May 31, 2025","Jul 06, 2022",321587651,328944,https://www.blackrock.com/us/individual/products/328944/ishares-ibonds-dec-2032-term-treasury-etf,0.0418,6.95,0.43,0.0325
IBTO,iShares® iBonds® Dec 2033 Term Treasury ETF,3.83,6.07,-,-,-,2.06,"May 31, 2025","Jun 27, 2023",343145238,332291,https://www.blackrock.com/us/individual/products/332291/ishares-ibonds-dec-2033-term-treasury-etf,0.0426,8.06,0.54,0.0384
IBTP,iShares® iBonds® Dec 2034 Term Treasury ETF,3.57,-,-,-,-,-,"May 31, 2025","Jun 11, 2024",136966300,337745,https://www.blackrock.com/us/individual/products/337745/ishares-ibonds-dec-2034-term-treasury-etf,0.0434,9.04,0.65,0.041299999999999996
IBTQ,iShares® iBonds® Dec 2035 Term Treasury ETF,-,-,-,-,-,-,"May 31, 2025","Mar 25, 2025",4987755,342105,https://www.blackrock.com/us/individual/products/342105/ishares-ibonds-dec-2035-term-treasury-etf,0.0438,9.73,0.72,0.0452
ICSH,iShares Ultra Short Duration Bond Active ETF,1.96,5.32,4.79,2.94,2.38,2.13,"May 31, 2025","Dec 11, 2013",6122612074,258806,https://www.blackrock.com/us/individual/products/258806/ishares-liquidity-income-etf,0.0455,0.78,0.01,0.046799999999999994
ICVT,iShares Convertible Bond ETF,3.15,13.72,8.04,9.64,-,9.29,"May 31, 2025","Jun 02, 2015",2461323945,272819,https://www.blackrock.com/us/individual/products/272819/ishares-convertible-bond-etf,0.029500000000000002,2.99,1.19,0.0213
IEF,iShares 7-10 Year Treasury Bond ETF,3.63,5.78,0.09,-2.84,0.82,3.43,"May 31, 2025","Jul 22, 2002",34304226968,239456,https://www.blackrock.com/us/individual/products/239456/ishares-710-year-treasury-bond-etf,0.043,8.53,0.59,0.0395
IEI,iShares 3-7 Year Treasury Bond ETF,3.47,6.48,1.98,-0.59,1.30,2.84,"May 31, 2025","Jan 05, 2007",15348993063,239455,https://www.blackrock.com/us/individual/products/239455/ishares-37-year-treasury-bond-etf,0.0401,4.73,0.22,0.0316
IGBH,iShares Interest Rate Hedged Long-Term Corporate Bond ETF,0.83,3.65,6.87,6.72,-,3.86,"May 31, 2025","Jul 22, 2015",99500930,275397,https://www.blackrock.com/us/individual/products/275397/ishares-interest-rate-hedged-10-year-credit-bond-etf,0.0613,23.37,0.01,
IGEB,iShares Investment Grade Systematic Bond ETF,2.51,6.49,3.74,1.00,-,2.88,"May 31, 2025","Jul 11, 2017",1120785802,288302,https://www.blackrock.com/us/individual/products/288302/ishares-investment-grade-systematic-bond-etf,0.0536,9.0,0.71,0.0472
IGIB,iShares 5-10 Year Investment Grade Corporate Bond ETF,3.42,7.47,4.00,1.09,2.72,3.77,"May 31, 2025","Jan 05, 2007",15190886482,239463,https://www.blackrock.com/us/individual/products/239463/ishares-intermediate-credit-bond-etf,0.052000000000000005,7.44,0.43,0.0453
IGLB,iShares 10+ Year Investment Grade Corporate Bond ETF,0.64,2.79,0.55,-2.32,2.23,4.21,"May 31, 2025","Dec 08, 2009",2341958905,239423,https://www.blackrock.com/us/individual/products/239423/ishares-10-year-credit-bond-etf,0.0587,22.1,2.18,0.045899999999999996
IGOV,iShares International Treasury Bond ETF,8.70,8.01,-0.66,-3.43,-0.51,0.21,"May 31, 2025","Jan 21, 2009",1168747189,239830,https://www.blackrock.com/us/individual/products/239830/ishares-international-treasury-bond-etf,0.0287,9.62,1.12,0.022400000000000003
IGSB,iShares 1-5 Year Investment Grade Corporate Bond ETF,2.92,6.97,4.34,2.19,2.43,2.76,"May 31, 2025","Jan 05, 2007",21264176885,239451,https://www.blackrock.com/us/individual/products/239451/ishares-13-year-credit-bond-etf,0.046799999999999994,2.98,0.07,0.042
ILTB,iShares Core 10+ Year USD Bond ETF,0.70,2.31,-1.41,-4.35,1.49,3.75,"May 31, 2025","Dec 08, 2009",592124861,239424,https://www.blackrock.com/us/individual/products/239424/ishares-core-longterm-us-bond-etf,0.055999999999999994,21.87,2.35,0.0395
IMTB,iShares Core 5-10 Year USD Bond ETF,2.93,6.49,1.97,-0.35,-,1.42,"May 31, 2025","Nov 01, 2016",249833276,285539,https://www.blackrock.com/us/individual/products/285539/ishares-core-5-10-year-usd-bond-etf,0.0509,7.4,0.08,0.0383
ISHG,iShares 1-3 Year International Treasury Bond ETF,10.14,8.57,1.82,-0.25,0.04,-0.63,"May 31, 2025","Jan 21, 2009",459587347,239829,https://www.blackrock.com/us/individual/products/239829/ishares-13-year-international-treasury-bond-etf,0.022400000000000003,1.94,0.05,0.0191
ISTB,iShares Core 1-5 Year USD Bond ETF,2.75,6.60,3.54,1.53,2.08,1.87,"May 31, 2025","Oct 18, 2012",4425163588,244051,https://www.blackrock.com/us/individual/products/244051/ishares-core-shortterm-us-bond-etf,0.0451,2.87,0.07,0.0374
IUSB,iShares Core Total USD Bond Market ETF,2.47,5.81,2.03,-0.31,1.80,1.97,"May 31, 2025","Jun 10, 2014",32498603407,264615,https://www.blackrock.com/us/individual/products/264615/ishares-core-total-usd-bond-market-etf,0.0493,7.94,0.48,0.0382
LDRC,iShares® iBonds® 1-5 Year Corporate Ladder ETF,2.61,-,-,-,-,-,"May 31, 2025","Nov 07, 2024",9038737,340159,https://www.blackrock.com/us/individual/products/340159/ishares-ibonds-1-5-year-corporate-ladder-etf,0.0462,2.0,0.03,0.0
LDRH,iShares® iBonds® 1-5 Year High Yield and Income Ladder ETF,2.51,-,-,-,-,-,"May 31, 2025","Nov 07, 2024",3972626,340126,https://www.blackrock.com/us/individual/products/340126/ishares-ibonds-1-5-year-high-yield-and-income-ladder-etf,0.0658,1.72,-0.15,0.0
LDRI,iShares® iBonds® 1-5 Year TIPS Ladder ETF,3.28,-,-,-,-,-,"May 31, 2025","Nov 07, 2024",7123662,340132,https://www.blackrock.com/us/individual/products/340132/ishares-ibonds-1-5-year-tips-ladder-etf,,1.99,0.06,0.0
LDRT,iShares® iBonds® 1-5 Year Treasury Ladder ETF,2.45,-,-,-,-,-,"May 31, 2025","Nov 07, 2024",20634898,340161,https://www.blackrock.com/us/individual/products/340161/ishares-ibonds-1-5-year-treasury-ladder-etf,0.0406,2.06,0.06,0.0
LEMB,iShares J.P. Morgan EM Local Currency Bond ETF,7.66,7.69,4.16,0.45,0.18,-0.01,"May 31, 2025","Oct 18, 2011",339126665,239528,https://www.blackrock.com/us/individual/products/239528/ishares-emerging-markets-local-currency-bond-etf,0.0727,7.6,0.51,0.0664
LQD,iShares iBoxx $ Investment Grade Corporate Bond ETF,2.28,5.27,2.21,-0.51,2.45,4.40,"May 31, 2025","Jul 22, 2002",27881699481,239566,https://www.blackrock.com/us/individual/products/239566/ishares-iboxx-investment-grade-corporate-bond-etf,0.053200000000000004,12.85,1.11,0.044199999999999996
LQDB,iShares BBB Rated Corporate Bond ETF,2.17,5.71,3.19,-,-,-0.12,"May 31, 2025","May 18, 2021",42811572,318688,https://www.blackrock.com/us/individual/products/318688/ishares-bbb-rated-corporate-bond-etf,0.0524,9.55,0.78,0.0416
LQDH,iShares Interest Rate Hedged Corporate Bond ETF,1.42,4.86,6.85,5.78,3.75,3.17,"May 31, 2025","May 27, 2014",488105660,264542,https://www.blackrock.com/us/individual/products/264542/ishares-interest-rate-hedged-corporate-bond-etf,0.0584,14.19,-0.01,
LQDI,iShares Inflation Hedged Corporate Bond ETF,3.09,4.85,2.02,3.64,-,4.01,"May 31, 2025","May 08, 2018",90891796,294319,https://www.blackrock.com/us/individual/products/294319/ishares-inflation-hedged-corporate-bond-etf,0.0518,12.42,1.06,
LQDW,iShares Investment Grade Corporate Bond BuyWrite Strategy ET,3.45,6.23,-,-,-,0.68,"May 31, 2025","Aug 18, 2022",246304971,329120,https://www.blackrock.com/us/individual/products/329120/ishares-investment-grade-corporate-bond-buywrite-strategy-etf,0.053200000000000004,12.83,-6.69,
MEAR,iShares Short Maturity Municipal Bond Active ETF,1.41,3.45,3.17,1.94,1.58,1.51,"May 31, 2025","Mar 03, 2015",1095643669,272112,https://www.blackrock.com/us/individual/products/272112/ishares-short-maturity-municipal-bond-etf,0.034,1.41,0.06,0.040999999999999995
MUB,iShares National Muni Bond ETF,-1.32,1.55,1.47,0.46,1.94,2.99,"May 31, 2025","Sep 07, 2007",38269399159,239766,https://www.blackrock.com/us/individual/products/239766/ishares-national-amtfree-muni-bond-etf,0.0388,7.82,-0.18,0.046799999999999994
NEAR,iShares Short Duration Bond Active ETF,2.42,6.31,5.30,3.41,2.51,2.28,"May 31, 2025","Sep 25, 2013",3286094063,239854,https://www.blackrock.com/us/individual/products/239854/ishares-short-maturity-bond-etf,0.0473,2.61,-0.06,0.0406
NYF,iShares New York Muni Bond ETF,-1.51,1.30,1.41,0.37,1.74,2.92,"May 31, 2025","Oct 04, 2007",888571247,239767,https://www.blackrock.com/us/individual/products/239767/ishares-new-york-amtfree-muni-bond-etf,0.0387,7.92,-0.16,0.04650000000000001
QLTA,iShares Aaa - A Rated Corporate Bond ETF,2.27,5.23,1.99,-0.71,2.04,2.34,"May 31, 2025","Feb 14, 2012",1594307981,239431,https://www.blackrock.com/us/individual/products/239431/ishares-aaa-a-rated-corporate-bond-etf,0.0499,10.42,0.9,0.0415
SGOV,iShares 0-3 Month Treasury Bond ETF,1.76,4.78,4.55,2.74,-,2.73,"May 31, 2025","May 26, 2020",49065948559,314116,https://www.blackrock.com/us/individual/products/314116/ishares-0-3-month-treasury-bond-etf,0.0426,0.09,0.0,0.0
SHV,iShares Short Treasury Bond ETF,1.69,4.74,4.31,2.52,1.85,1.45,"May 31, 2025","Jan 05, 2007",20423328302,239466,https://www.blackrock.com/us/individual/products/239466/ishares-short-treasury-bond-etf,0.0429,0.28,0.0,0.024900000000000002
SHY,iShares 1-3 Year Treasury Bond ETF,2.14,5.54,2.87,1.10,1.40,1.91,"May 31, 2025","Jul 22, 2002",23864797712,239452,https://www.blackrock.com/us/individual/products/239452/ishares-13-year-treasury-bond-etf,0.039900000000000005,1.94,0.05,0.027999999999999997
SHYG,iShares 0-5 Year High Yield Corporate Bond ETF,2.35,8.56,6.69,6.09,4.39,4.21,"May 31, 2025","Oct 15, 2013",6451426124,258100,https://www.blackrock.com/us/individual/products/258100/ishares-05-year-high-yield-corporate-bond-etf,0.07150000000000001,2.75,-0.18,0.0632
SLQD,iShares 0-5 Year Investment Grade Corporate Bond ETF,2.62,6.51,4.19,2.14,2.44,2.36,"May 31, 2025","Oct 15, 2013",2272605562,258098,https://www.blackrock.com/us/individual/products/258098/ishares-05-year-investment-grade-corporate-bond-etf,0.046,2.35,0.05,0.0395
STIP,iShares 0-5 Year TIPS Bond ETF,3.50,6.60,3.27,3.82,2.83,2.27,"May 31, 2025","Dec 01, 2010",12646455872,239450,https://www.blackrock.com/us/individual/products/239450/ishares-05-year-tips-bond-etf,,2.43,0.08,0.0103
SUB,iShares Short-Term National Muni Bond ETF,1.32,3.80,2.21,1.06,1.28,1.51,"May 31, 2025","Nov 05, 2008",9802879286,239772,https://www.blackrock.com/us/individual/products/239772/ishares-shortterm-national-amtfree-muni-bond-etf,0.0288,1.93,0.04,0.048499999999999995
SUSB,iShares ESG Aware 1-5 Year USD Corporate Bond ETF,2.82,6.80,4.03,1.94,-,2.52,"May 31, 2025","Jul 11, 2017",979394031,288490,https://www.blackrock.com/us/individual/products/288490/ishares-esg-aware-1-5-year-usd-corporate-bond-etf,0.0464,2.94,0.07,0.039
SUSC,iShares ESG Aware USD Corporate Bond ETF,2.18,5.43,2.52,-0.07,-,2.05,"May 31, 2025","Jul 11, 2017",1150985847,288488,https://www.blackrock.com/us/individual/products/288488/ishares-esg-aware-usd-corporate-bond-etf,0.051699999999999996,10.33,0.85,0.042699999999999995
TFLO,iShares Treasury Floating Rate Bond ETF,1.79,4.74,4.65,2.82,1.98,1.76,"May 31, 2025","Feb 03, 2014",6917941135,260652,https://www.blackrock.com/us/individual/products/260652/ishares-treasury-floating-rate-bond-etf,0.044500000000000005,0.92,0.0,0.044500000000000005
TIP,iShares TIPS Bond ETF,3.62,5.48,0.76,1.42,2.31,3.51,"May 31, 2025","Dec 04, 2003",13724182369,239467,https://www.blackrock.com/us/individual/products/239467/ishares-tips-bond-etf,,7.15,0.79,0.0109
TLH,iShares 10-20 Year Treasury Bond ETF,1.39,2.23,-3.03,-7.04,-0.56,2.80,"May 31, 2025","Jan 05, 2007",11214296247,239453,https://www.blackrock.com/us/individual/products/239453/ishares-1020-year-treasury-bond-etf,0.048600000000000004,17.13,1.88,0.0319
TLT,iShares 20+ Year Treasury Bond ETF,0.02,-0.72,-6.31,-9.62,-1.00,3.63,"May 31, 2025","Jul 22, 2002",48849885462,239454,https://www.blackrock.com/us/individual/products/239454/ishares-20-year-treasury-bond-etf,0.049699999999999994,25.84,3.4,0.0291
TLTW,iShares 20+ Year Treasury Bond BuyWrite Strategy ETF,2.64,4.76,-,-,-,-4.22,"May 31, 2025","Aug 18, 2022",1111798206,329118,https://www.blackrock.com/us/individual/products/329118/ishares-20+-year-treasury-bond-buywrite-strategy-etf,0.049699999999999994,25.81,-42.77,
USHY,iShares Broad USD High Yield Corporate Bond ETF,2.72,9.27,6.67,5.73,-,4.47,"May 31, 2025","Oct 25, 2017",23272031675,291299,https://www.blackrock.com/us/individual/products/291299/ishares-broad-usd-high-yield-corporate-bond-etf,0.0721,3.84,-0.16,0.065
USIG,iShares Broad USD Investment Grade Corporate Bond ETF,2.38,5.83,3.04,0.37,2.48,3.88,"May 31, 2025","Jan 05, 2007",13931235522,239460,https://www.blackrock.com/us/individual/products/239460/ishares-credit-bond-etf,0.0518,9.91,0.8,0.0438
WFBIX,iShares U.S. Aggregate Bond Index Fund,2.49,5.52,1.54,-0.91,1.45,,"May 31, 2025","Feb 02, 2010",2723536011,227787,https://www.blackrock.com/us/individual/products/227787/blackrock-bond-index-class-k-fund,0.0472,,,
